"","Age","Years.of.Experience","Number.of.Vehicles","Gender","Married","Losses.in.Thousands"
"480",65,48,"1","M","Married",239.2136809
"15286",61,43,"4","F","Single",58.42642905
"12564",60,42,"3","M","Single",557.9149076
"422",17,0,"1","M","Married",324.5930853
"14085",40,22,"4","M","Single",427.7195464
"11548",33,14,"3","M","Married",657.8315098
"6978",48,27,"2","F","Single",390.9019909
"7281",18,0,"2","M","Single",236.0549354
"5529",68,48,"2","F","Single",93.06167252
"3373",67,47,"2","M","Married",22.38307969
"NA",NA,NA,NA,NA,NA,NA
"12682",28,7,"3","M","Married",357.4069156
"11430",21,4,"3","F","Married",426.0055263
"13409",50,32,"4","M","Single",511.3851929
"12695",31,13,"3","M","Single",470.9101548
"3809",49,31,"2","M","Single",477.1025136
"250",19,2,"1","F","Married",282.4138477
"6947",69,50,"2","M","Single",465.7644331
"6700",67,49,"2","F","Single",224.2958682
"218",34,13,"1","F","Married",395.6067606
"14499",18,0,"4","F","Married",276.7711105
"5089",63,45,"2","F","Single",579.7994154
"7500",25,6,"2","F","Single",314.4390289
"NA.1",NA,NA,NA,NA,NA,NA
"5008",47,29,"2","M","Married",626.8658744
"5570",39,22,"2","F","Single",443.5045498
"530",32,15,"1","F","Single",402.3212675
"7277",46,25,"2","F","Married",624.8275414
"479",37,19,"1","F","Married",360.7519195
"NA.2",NA,NA,NA,NA,NA,NA
"NA.3",NA,NA,NA,NA,NA,NA
"15028",68,50,"4","F","Married",47.900954
"NA.4",NA,NA,NA,NA,NA,NA
"7218",28,8,"2","F","Single",429.7236818
"4569",62,43,"2","F","Married",98.25327356
"3697",58,40,"2","M","Single",629.062243
"NA.5",NA,NA,NA,NA,NA,NA
"8328",20,2,"3","M","Married",539.7603865
"7522",22,5,"2","F","Married",440.5414769
"NA.6",NA,NA,NA,NA,NA,NA
"7966",34,16,"3","F","Married",153.9872357
"6248",67,47,"2","M","Single",407.7598873
"NA.7",NA,NA,NA,NA,NA,NA
"NA.8",NA,NA,NA,NA,NA,NA
"NA.9",NA,NA,NA,NA,NA,NA
"2813",38,18,"2","F","Married",314.8310797
"NA.10",NA,NA,NA,NA,NA,NA
"1322",45,27,"1","F","Single",397.6475864
"NA.11",NA,NA,NA,NA,NA,NA
"8043",49,31,"3","M","Married",395.6705624
"13022",70,52,"4","F","Single",47.67779644
"NA.12",NA,NA,NA,NA,NA,NA
"NA.13",NA,NA,NA,NA,NA,NA
"12999",38,19,"4","M","Single",326.5461766
"10528",16,0,"3","M","Married",251.1469014
"NA.14",NA,NA,NA,NA,NA,NA
"1152",68,49,"1","F","Single",82.41769821
"NA.15",NA,NA,NA,NA,NA,NA
"14643",29,11,"4","F","Single",304.4703177
"3914",57,38,"2","M","Single",212.2227816
"6917",58,40,"2","M","Single",489.6712881
"12096",24,7,"3","F","Single",399.6577432
"NA.16",NA,NA,NA,NA,NA,NA
"7492",18,0,"2","M","Single",643.8830466
"15207",25,8,"4","M","Married",372.7214431
"8865",45,27,"3","F","Single",395.6871017
"8528",20,1,"3","F","Single",644.2999437
"820",62,45,"1","F","Married",30.93276225
"3512",53,32,"2","M","Single",768.5655688
"NA.17",NA,NA,NA,NA,NA,NA
"599",53,33,"1","M","Married",203.9808667
"NA.18",NA,NA,NA,NA,NA,NA
"9939",16,0,"3","M","Married",633.6359986
"6777",45,24,"2","M","Single",392.9888125
"NA.19",NA,NA,NA,NA,NA,NA
"NA.20",NA,NA,NA,NA,NA,NA
"2180",70,49,"1","M","Single",274.3217731
"3950",56,37,"2","F","Single",415.3206391
"2243",47,27,"1","F","Single",793.1536372
"NA.21",NA,NA,NA,NA,NA,NA
"5511",69,50,"2","M","Married",65.30246234
"2883",50,30,"2","M","Single",750.1423091
"NA.22",NA,NA,NA,NA,NA,NA
"NA.23",NA,NA,NA,NA,NA,NA
"7983",19,2,"3","M","Single",480.4408846
"10798",69,51,"3","F","Single",357.6622667
"8461",69,48,"3","M","Married",33.46665127
"5316",38,17,"2","F","Married",287.1500967
"NA.24",NA,NA,NA,NA,NA,NA
"14962",67,46,"4","F","Single",136.0358513
"6824",70,49,"2","F","Married",62.20126455
"7524",19,0,"2","M","Single",622.6425648
"NA.25",NA,NA,NA,NA,NA,NA
"NA.26",NA,NA,NA,NA,NA,NA
"NA.27",NA,NA,NA,NA,NA,NA
"375",22,4,"1","M","Married",456.2160705
"NA.28",NA,NA,NA,NA,NA,NA
"6829",67,49,"2","M","Married",499.0143263
"2169",32,12,"1","M","Married",295.4869352
"NA.29",NA,NA,NA,NA,NA,NA
"NA.30",NA,NA,NA,NA,NA,NA
"13384",30,11,"4","M","Single",521.9381434
"NA.31",NA,NA,NA,NA,NA,NA
"11200",38,17,"3","F","Married",364.3623789
"11696",38,20,"3","M","Married",657.7115524
"1099",68,51,"1","F","Married",116.4833382
"NA.32",NA,NA,NA,NA,NA,NA
"NA.33",NA,NA,NA,NA,NA,NA
"NA.34",NA,NA,NA,NA,NA,NA
"8914",65,48,"3","F","Married",214.1776836
"NA.35",NA,NA,NA,NA,NA,NA
"NA.36",NA,NA,NA,NA,NA,NA
"11557",41,21,"3","M","Single",474.7189621
"NA.37",NA,NA,NA,NA,NA,NA
"12725",64,43,"3","F","Married",302.0582232
"12971",68,48,"4","M","Married",487.3707488
"8625",67,48,"3","F","Single",74.85602416
"5289",62,45,"2","M","Single",39.28796041
"9528",16,0,"3","M","Single",938.3568203
"NA.38",NA,NA,NA,NA,NA,NA
"6573",53,32,"2","M","Single",409.5574213
"12549",48,27,"3","M","Single",831.7003993
"6446",18,0,"2","F","Single",336.609826
"4773",20,1,"2","F","Married",306.5802683
"7541",24,7,"2","F","Married",389.967096
"5617",25,6,"2","F","Married",243.9594903
"2421",67,48,"1","M","Single",190.9903208
"3636",55,36,"2","F","Single",579.5288127
"12566",25,7,"3","F","Single",395.659444
"4266",66,45,"2","M","Single",200.7840003
"4534",31,10,"2","F","Married",312.4465176
"3187",22,3,"2","F","Single",482.7932164
"NA.39",NA,NA,NA,NA,NA,NA
"3793",23,6,"2","M","Married",278.2510373
"14857",51,31,"4","M","Married",546.7820913
"NA.40",NA,NA,NA,NA,NA,NA
"12266",46,26,"3","F","Single",632.6400659
"NA.41",NA,NA,NA,NA,NA,NA
"NA.42",NA,NA,NA,NA,NA,NA
"4191",23,4,"2","F","Single",312.1130913
"7589",18,1,"2","F","Single",486.5719053
"NA.43",NA,NA,NA,NA,NA,NA
"2938",20,1,"2","M","Single",848.0448585
"NA.44",NA,NA,NA,NA,NA,NA
"9304",31,12,"3","F","Married",215.8363076
"3796",56,39,"2","F","Married",371.0201511
"6893",24,7,"2","F","Single",663.9160877
"NA.45",NA,NA,NA,NA,NA,NA
"4921",40,22,"2","M","Single",468.9365058
"10970",70,53,"3","M","Married",132.5846809
"8154",53,33,"3","M","Single",488.2703453
"4012",67,47,"2","F","Married",132.6892237
"8882",54,34,"3","F","Single",283.6484753
"11559",61,40,"3","F","Single",124.0761077
"1882",30,11,"1","M","Married",380.0318156
"NA.46",NA,NA,NA,NA,NA,NA
"NA.47",NA,NA,NA,NA,NA,NA
"826",64,43,"1","M","Single",455.0087752
"NA.48",NA,NA,NA,NA,NA,NA
"NA.49",NA,NA,NA,NA,NA,NA
"349",61,41,"1","F","Married",122.8351382
"7791",43,25,"3","M","Married",190.4142592
"11681",67,49,"3","F","Single",114.6169331
"NA.50",NA,NA,NA,NA,NA,NA
"8017",16,0,"3","M","Married",264.5165731
"NA.51",NA,NA,NA,NA,NA,NA
"10192",50,32,"3","F","Single",432.1347485
"12434",28,10,"3","M","Married",302.2831964
"8330",25,6,"3","M","Married",538.4290782
"NA.52",NA,NA,NA,NA,NA,NA
"NA.53",NA,NA,NA,NA,NA,NA
"11730",19,2,"3","F","Single",469.8495943
"15194",64,44,"4","M","Married",173.7223101
"8798",52,34,"3","F","Single",459.6339659
"10257",25,6,"3","F","Single",511.5813257
"14999",51,34,"4","F","Married",318.6337262
"11128",62,43,"3","M","Single",184.9488906
"6320",39,22,"2","M","Married",313.9752158
"14496",40,21,"4","M","Single",855.9220408
"7779",17,0,"3","F","Single",256.5646766
"10070",33,15,"3","M","Married",308.619471
"4219",40,19,"2","M","Married",393.7580921
"NA.54",NA,NA,NA,NA,NA,NA
"5069",63,44,"2","F","Married",245.3088282
"2253",17,0,"1","F","Married",254.7692296
"12966",52,31,"4","M","Single",344.6429943
"NA.55",NA,NA,NA,NA,NA,NA
"7175",24,6,"2","F","Single",495.9313333
"11133",19,1,"3","M","Married",444.3421521
"NA.56",NA,NA,NA,NA,NA,NA
"13981",19,0,"4","M","Single",559.0337155
"11818",49,28,"3","M","Married",368.9977862
"13882",69,49,"4","F","Single",346.0410754
"NA.57",NA,NA,NA,NA,NA,NA
"6517",23,5,"2","M","Married",388.9859276
"10262",38,17,"3","M","Married",146.1065191
"10899",34,16,"3","F","Single",367.4196531
"9754",38,20,"3","F","Single",466.1189789
"703",67,49,"1","M","Single",414.2560905
"9500",25,7,"3","F","Married",367.5419089
"984",57,36,"1","M","Married",375.2039276
"10260",16,0,"3","M","Married",747.9162636
"NA.58",NA,NA,NA,NA,NA,NA
"10149",60,41,"3","M","Single",304.2014304
"14721",20,3,"4","M","Married",375.565844
"NA.59",NA,NA,NA,NA,NA,NA
"NA.60",NA,NA,NA,NA,NA,NA
"6621",21,2,"2","F","Married",300.6285279
"6792",52,32,"2","F","Single",137.021926
"8783",19,0,"3","M","Married",788.1587277
"1558",20,1,"1","F","Single",1005.793409
"12817",35,14,"4","F","Married",345.5422834
"4620",17,0,"2","M","Married",488.2250123
"8335",23,4,"3","F","Married",260.7172564
"11562",24,7,"3","M","Married",659.249757
"12430",67,48,"3","M","Single",80.8727244
"NA.61",NA,NA,NA,NA,NA,NA
"NA.62",NA,NA,NA,NA,NA,NA
"3194",57,36,"2","F","Single",385.2545372
"4646",64,47,"2","F","Married",45.8953299
"7606",21,4,"2","M","Single",1029.260813
"NA.63",NA,NA,NA,NA,NA,NA
"4596",65,48,"2","F","Single",111.3605932
"8608",42,25,"3","M","Single",406.4183598
"6968",23,6,"2","M","Married",336.3698196
"NA.64",NA,NA,NA,NA,NA,NA
"13979",60,39,"4","M","Married",89.57334772
"3389",63,45,"2","M","Married",181.4507002
"NA.65",NA,NA,NA,NA,NA,NA
"10409",45,27,"3","F","Single",325.5182642
"11770",69,52,"3","M","Married",30.01958668
"13464",32,12,"4","F","Married",311.8931682
"11291",70,50,"3","M","Married",430.2231153
"11401",48,28,"3","M","Single",454.7726978
"4548",51,33,"2","M","Single",525.1884374
"NA.66",NA,NA,NA,NA,NA,NA
"7379",53,36,"2","F","Married",305.0790016
"10953",53,32,"3","F","Married",209.7641275
"6696",70,50,"2","M","Married",186.9770685
"14766",24,5,"4","M","Single",244.9397385
"655",50,29,"1","F","Single",357.7424259
"4488",54,37,"2","F","Single",366.2778176
"5240",37,19,"2","M","Married",309.8817858
"569",66,49,"1","F","Single",78.76982783
"11902",69,48,"3","M","Single",390.0472123
"10947",38,21,"3","F","Married",313.334855
"5399",20,2,"2","F","Single",476.0955866
"NA.67",NA,NA,NA,NA,NA,NA
"2518",33,13,"1","M","Married",345.0914583
"8991",25,6,"3","F","Married",510.886715
"11884",30,9,"3","F","Single",431.2678646
"13590",64,44,"4","F","Married",22.14732403
"NA.68",NA,NA,NA,NA,NA,NA
"14182",52,35,"4","M","Single",309.0594526
"NA.69",NA,NA,NA,NA,NA,NA
"10982",25,6,"3","F","Single",352.3418282
"37",23,4,"1","M","Single",845.7592784
"13116",67,49,"4","M","Single",139.8835245
"NA.70",NA,NA,NA,NA,NA,NA
"5665",69,49,"2","M","Married",139.7236893
"NA.71",NA,NA,NA,NA,NA,NA
"11881",69,48,"3","F","Single",250.1486479
"8375",23,4,"3","F","Single",1288.521549
"10943",20,2,"3","F","Single",303.9224718
"4775",29,12,"2","F","Single",474.8403496
"7300",54,35,"2","M","Married",228.9247941
"13430",20,2,"4","F","Single",225.3755843
"7371",42,23,"2","M","Married",258.4579809
"7398",21,2,"2","F","Married",282.1805458
"5146",31,10,"2","F","Single",440.6938419
"11523",67,47,"3","F","Single",170.1828617
"NA.72",NA,NA,NA,NA,NA,NA
"6085",37,20,"2","F","Single",420.5444009
"7067",43,26,"2","F","Single",384.506558
"NA.73",NA,NA,NA,NA,NA,NA
"6966",28,9,"2","M","Married",323.9466932
"6999",45,25,"2","F","Married",338.295675
"4389",32,11,"2","F","Single",367.69469
"10553",16,0,"3","F","Single",363.4525696
"2787",20,2,"2","M","Single",1208.851512
"NA.74",NA,NA,NA,NA,NA,NA
"10968",20,2,"3","F","Married",93.08350236
"NA.75",NA,NA,NA,NA,NA,NA
"3459",61,44,"2","M","Married",59.08454763
"4923",63,42,"2","M","Single",272.8974502
"13904",16,0,"4","F","Married",339.0782084
"NA.76",NA,NA,NA,NA,NA,NA
"NA.77",NA,NA,NA,NA,NA,NA
"13648",22,4,"4","F","Single",721.1868745
"NA.78",NA,NA,NA,NA,NA,NA
"1651",18,0,"1","M","Married",676.8854783
"12609",26,8,"3","M","Single",335.6246774
"NA.79",NA,NA,NA,NA,NA,NA
"9741",25,6,"3","F","Single",1296.990069
"6271",23,5,"2","F","Single",664.1069867
"3707",21,4,"2","M","Married",361.6632453
"NA.80",NA,NA,NA,NA,NA,NA
"1149",61,43,"1","F","Married",239.7626287
"5941",65,44,"2","F","Single",66.10569402
"6989",43,22,"2","F","Married",279.8884006
"3394",68,49,"2","M","Single",223.9625265
"6305",46,27,"2","F","Married",468.0371383
"NA.81",NA,NA,NA,NA,NA,NA
"15271",17,0,"4","M","Single",558.9765314
"866",69,50,"1","M","Single",161.9476996
"4573",65,48,"2","M","Single",435.6436387
"1743",22,4,"1","M","Married",248.5382876
"15202",21,2,"4","M","Married",503.7421438
"2902",44,24,"2","F","Married",331.9379418
"6139",67,46,"2","M","Single",721.4294983
"13717",22,5,"4","M","Single",622.1645176
"6664",19,2,"2","M","Married",555.6668504
"12350",19,1,"3","F","Single",551.2024325
"6464",20,1,"2","F","Single",1201.951572
"14368",42,22,"4","M","Single",515.8336994
"NA.82",NA,NA,NA,NA,NA,NA
"9308",21,3,"3","F","Married",286.6560119
"1612",31,14,"1","F","Single",420.2708203
"12778",18,0,"3","M","Single",472.598635
"13861",23,6,"4","F","Single",549.7817678
"NA.83",NA,NA,NA,NA,NA,NA
"8635",56,35,"3","F","Married",316.5688739
"NA.84",NA,NA,NA,NA,NA,NA
"8956",52,33,"3","M","Single",531.4447436
"NA.85",NA,NA,NA,NA,NA,NA
"NA.86",NA,NA,NA,NA,NA,NA
"12234",31,11,"3","F","Single",757.231476
"8106",25,7,"3","M","Married",591.3379236
"NA.87",NA,NA,NA,NA,NA,NA
"9622",60,39,"3","M","Married",433.4556152
"NA.88",NA,NA,NA,NA,NA,NA
"NA.89",NA,NA,NA,NA,NA,NA
"NA.90",NA,NA,NA,NA,NA,NA
"9486",24,6,"3","F","Single",231.8729302
"8474",43,25,"3","M","Single",426.7671338
"NA.91",NA,NA,NA,NA,NA,NA
"NA.92",NA,NA,NA,NA,NA,NA
"5600",42,25,"2","F","Single",409.6868628
"NA.93",NA,NA,NA,NA,NA,NA
"12751",22,3,"3","M","Single",769.9601678
"5582",17,0,"2","F","Single",688.8547617
"12625",18,0,"3","F","Single",357.722728
"14201",27,9,"4","M","Married",356.4852108
"11389",29,9,"3","M","Married",593.7606112
"9306",31,11,"3","F","Married",397.6946214
"12967",63,45,"4","M","Married",298.6952639
"9403",61,41,"3","F","Single",614.1358644
"NA.94",NA,NA,NA,NA,NA,NA
"15021",23,4,"4","M","Single",938.5448085
"2275",70,52,"1","M","Single",212.5038196
"NA.95",NA,NA,NA,NA,NA,NA
"12212",64,45,"3","M","Single",44.46068165
"NA.96",NA,NA,NA,NA,NA,NA
"NA.97",NA,NA,NA,NA,NA,NA
"14853",16,0,"4","F","Married",792.0112836
"NA.98",NA,NA,NA,NA,NA,NA
"9966",45,25,"3","F","Married",345.8649432
"1741",35,18,"1","F","Married",126.0782536
"NA.99",NA,NA,NA,NA,NA,NA
"NA.100",NA,NA,NA,NA,NA,NA
"11769",61,44,"3","F","Married",441.6845237
"NA.101",NA,NA,NA,NA,NA,NA
"3909",70,49,"2","M","Married",196.8275736
"NA.102",NA,NA,NA,NA,NA,NA
"13661",68,51,"4","M","Single",274.6316652
"2704",36,15,"2","M","Single",937.8639927
"NA.103",NA,NA,NA,NA,NA,NA
"10845",61,44,"3","M","Single",179.8658272
"14882",64,47,"4","M","Single",235.1618894
"12426",58,39,"3","F","Single",487.3560719
"14198",17,0,"4","F","Single",421.8215092
"5766",50,31,"2","F","Single",479.8953476
"9375",49,31,"3","M","Single",447.9592236
"NA.104",NA,NA,NA,NA,NA,NA
"5080",56,36,"2","M","Single",510.3591905
"14402",64,43,"4","M","Married",330.9392944
"3629",25,6,"2","M","Single",1155.585908
"NA.105",NA,NA,NA,NA,NA,NA
"1496",37,19,"1","M","Married",391.4331666
"14304",21,3,"4","F","Married",424.7213268
"12906",17,0,"4","M","Single",368.3671133
"2145",18,0,"1","M","Single",1355.15476
"370",31,12,"1","M","Single",800.6210897
"NA.106",NA,NA,NA,NA,NA,NA
"NA.107",NA,NA,NA,NA,NA,NA
"4873",52,31,"2","M","Married",679.4670175
"3779",65,45,"2","M","Single",473.1478957
"NA.108",NA,NA,NA,NA,NA,NA
"1028",38,17,"1","F","Married",150.128075
"14222",22,3,"4","F","Single",437.2083539
"12701",48,29,"3","F","Single",229.1652738
"NA.109",NA,NA,NA,NA,NA,NA
"1713",22,4,"1","F","Married",266.0329124
"10396",70,49,"3","M","Single",232.7517279
"12547",16,0,"3","F","Single",490.0551278
"13559",65,45,"4","F","Married",224.2590729
"NA.110",NA,NA,NA,NA,NA,NA
"2413",24,6,"1","M","Married",690.1699369
"11124",56,38,"3","F","Single",553.2323994
"8116",45,24,"3","F","Married",360.2732696
"926",17,0,"1","F","Single",350.7660344
"11249",67,48,"3","F","Married",136.9499219
"NA.111",NA,NA,NA,NA,NA,NA
"11440",17,0,"3","F","Married",506.9099905
"14025",38,21,"4","M","Single",828.1457095
"14230",40,23,"4","M","Single",808.310749
"NA.112",NA,NA,NA,NA,NA,NA
"1217",63,42,"1","F","Married",160.2682984
"NA.113",NA,NA,NA,NA,NA,NA
"NA.114",NA,NA,NA,NA,NA,NA
"NA.115",NA,NA,NA,NA,NA,NA
"NA.116",NA,NA,NA,NA,NA,NA
"NA.117",NA,NA,NA,NA,NA,NA
"7397",28,10,"2","F","Married",306.1515312
"9915",17,0,"3","M","Single",1226.233875
"NA.118",NA,NA,NA,NA,NA,NA
"13876",42,23,"4","F","Single",778.45885
"6609",66,48,"2","F","Married",56.64461393
"2159",68,47,"1","M","Single",204.5985099
"282",61,41,"1","M","Single",35.74744486
"5405",57,38,"2","F","Single",173.9017406
"12332",18,0,"3","M","Single",694.7965141
"NA.119",NA,NA,NA,NA,NA,NA
"500",41,24,"1","F","Married",337.6700037
"1767",45,24,"1","M","Married",354.786418
"NA.120",NA,NA,NA,NA,NA,NA
"9564",34,16,"3","F","Single",412.6961419
"NA.121",NA,NA,NA,NA,NA,NA
"NA.122",NA,NA,NA,NA,NA,NA
"NA.123",NA,NA,NA,NA,NA,NA
"12939",18,1,"4","F","Married",158.9726986
"1284",40,21,"1","F","Single",602.0505692
"5863",40,21,"2","M","Married",407.9658565
"NA.124",NA,NA,NA,NA,NA,NA
"3633",47,29,"2","F","Single",359.8056854
"NA.125",NA,NA,NA,NA,NA,NA
"NA.126",NA,NA,NA,NA,NA,NA
"NA.127",NA,NA,NA,NA,NA,NA
"NA.128",NA,NA,NA,NA,NA,NA
"8615",25,8,"3","F","Married",295.5071185
"14115",63,45,"4","M","Single",383.5706642
"7020",48,30,"2","F","Single",710.1964161
"NA.129",NA,NA,NA,NA,NA,NA
"11299",67,47,"3","F","Married",90.96473248
"2285",25,8,"1","F","Single",501.9949382
"1206",38,18,"1","F","Single",484.5883292
"3067",43,25,"2","M","Single",433.2281911
"NA.130",NA,NA,NA,NA,NA,NA
"4813",37,16,"2","F","Married",331.1874007
"NA.131",NA,NA,NA,NA,NA,NA
"46",48,29,"1","M","Married",330.1933096
"8563",69,48,"3","M","Single",158.6079375
"10055",17,0,"3","F","Single",427.9976492
"10862",65,46,"3","M","Married",439.8757049
"6640",26,8,"2","M","Single",692.8702562
"8932",47,28,"3","M","Married",564.3003014
"13473",70,53,"4","M","Single",269.0197341
"13790",29,12,"4","M","Married",376.8424395
"2616",25,8,"2","F","Married",308.6550336
"4666",21,4,"2","F","Single",715.6296193
"5735",23,4,"2","F","Single",1084.380091
"7384",16,0,"2","M","Married",767.522167
"NA.132",NA,NA,NA,NA,NA,NA
"9117",19,1,"3","F","Single",412.8010801
"12059",54,37,"3","M","Married",341.2651472
"8593",49,31,"3","F","Married",309.5785738
"2137",29,9,"1","F","Married",287.9462439
"NA.133",NA,NA,NA,NA,NA,NA
"12026",27,7,"3","M","Married",571.5633043
"906",25,6,"1","M","Married",546.4265523
"15063",17,0,"4","F","Single",288.191003
"6945",44,23,"2","M","Married",379.0301602
"NA.134",NA,NA,NA,NA,NA,NA
"13072",25,8,"4","F","Married",217.9798893
"6853",45,27,"2","F","Married",134.267431
"NA.135",NA,NA,NA,NA,NA,NA
"NA.136",NA,NA,NA,NA,NA,NA
"13019",23,4,"4","F","Married",162.1769788
"NA.137",NA,NA,NA,NA,NA,NA
"9583",70,51,"3","F","Married",81.34570916
"NA.138",NA,NA,NA,NA,NA,NA
"2587",25,8,"2","M","Married",378.9522982
"NA.139",NA,NA,NA,NA,NA,NA
"NA.140",NA,NA,NA,NA,NA,NA
"NA.141",NA,NA,NA,NA,NA,NA
"8999",42,23,"3","F","Single",407.9470347
"7614",39,21,"2","F","Single",375.8618914
"9585",24,5,"3","M","Single",845.2984939
"NA.142",NA,NA,NA,NA,NA,NA
"3064",51,34,"2","M","Married",538.7582235
"NA.143",NA,NA,NA,NA,NA,NA
"3603",70,49,"2","F","Single",390.8637873
"5246",61,40,"2","F","Married",167.4991317
"3464",67,46,"2","M","Single",101.7339118
"10011",36,17,"3","F","Single",391.514442
"2282",69,48,"1","F","Single",458.0629055
"NA.144",NA,NA,NA,NA,NA,NA
"9484",48,28,"3","M","Married",293.9512088
"9909",18,0,"3","M","Single",689.4130703
"11632",20,1,"3","M","Married",341.7086908
"5154",27,7,"2","M","Married",223.1738865
"13219",67,48,"4","M","Married",163.8689268
"10620",25,8,"3","M","Married",434.4101055
"7804",25,7,"3","M","Married",421.8518345
"10545",69,51,"3","M","Married",131.7787154
"NA.145",NA,NA,NA,NA,NA,NA
"7979",57,40,"3","F","Married",544.3064563
"NA.146",NA,NA,NA,NA,NA,NA
"6094",54,35,"2","M","Single",479.2419774
"2565",35,14,"2","M","Married",227.0030475
"2755",24,7,"2","F","Married",357.1767153
"2970",19,1,"2","M","Married",435.6867047
"649",66,46,"1","M","Married",405.6157569
"NA.147",NA,NA,NA,NA,NA,NA
"12715",50,29,"3","M","Single",488.2609925
"NA.148",NA,NA,NA,NA,NA,NA
"3330",60,43,"2","M","Married",308.2903275
"NA.149",NA,NA,NA,NA,NA,NA
"4245",29,10,"2","F","Married",660.0459781
"14114",39,20,"4","F","Married",295.7260312
"NA.150",NA,NA,NA,NA,NA,NA
"NA.151",NA,NA,NA,NA,NA,NA
"NA.152",NA,NA,NA,NA,NA,NA
"NA.153",NA,NA,NA,NA,NA,NA
"NA.154",NA,NA,NA,NA,NA,NA
"15098",37,19,"4","M","Single",382.0433616
"8726",67,47,"3","M","Married",214.8925247
"9217",44,26,"3","F","Single",441.9692376
"NA.155",NA,NA,NA,NA,NA,NA
"9229",38,21,"3","M","Single",747.5487832
"NA.156",NA,NA,NA,NA,NA,NA
"14309",22,4,"4","F","Single",341.2988319
"3299",30,10,"2","M","Single",776.3322799
"NA.157",NA,NA,NA,NA,NA,NA
"8890",24,6,"3","M","Single",331.2267942
"NA.158",NA,NA,NA,NA,NA,NA
"NA.159",NA,NA,NA,NA,NA,NA
"8049",16,0,"3","M","Married",214.5116593
"3591",44,26,"2","F","Single",187.420251
"1328",22,4,"1","M","Single",1620.536634
"NA.160",NA,NA,NA,NA,NA,NA
"8132",65,44,"3","F","Married",255.5804782
"2897",23,4,"2","F","Married",274.3517512
"NA.161",NA,NA,NA,NA,NA,NA
"13115",50,33,"4","F","Married",686.0361749
"7553",16,0,"2","M","Single",1107.401753
"NA.162",NA,NA,NA,NA,NA,NA
"14240",70,52,"4","M","Single",300.2694754
"NA.163",NA,NA,NA,NA,NA,NA
"4949",70,53,"2","M","Single",115.2820125
"639",23,6,"1","M","Single",557.6682868
"NA.164",NA,NA,NA,NA,NA,NA
"NA.165",NA,NA,NA,NA,NA,NA
"5345",61,41,"2","F","Single",85.48223065
"3958",45,24,"2","M","Married",398.4128657
"5263",29,8,"2","M","Married",407.6990253
"9213",35,17,"3","F","Single",467.2536567
"4386",58,37,"2","F","Married",135.8263113
"NA.166",NA,NA,NA,NA,NA,NA
"NA.167",NA,NA,NA,NA,NA,NA
"7935",64,43,"3","M","Married",286.8998103
"NA.168",NA,NA,NA,NA,NA,NA
"1360",46,26,"1","F","Single",393.3384205
"NA.169",NA,NA,NA,NA,NA,NA
"206",60,39,"1","F","Single",165.9840948
"NA.170",NA,NA,NA,NA,NA,NA
"NA.171",NA,NA,NA,NA,NA,NA
"5895",38,18,"2","M","Married",326.3390318
"NA.172",NA,NA,NA,NA,NA,NA
"NA.173",NA,NA,NA,NA,NA,NA
"6342",48,28,"2","M","Single",414.2553355
"10700",25,7,"3","M","Single",802.9377782
"688",68,50,"1","M","Single",398.8494738
"NA.174",NA,NA,NA,NA,NA,NA
"NA.175",NA,NA,NA,NA,NA,NA
"NA.176",NA,NA,NA,NA,NA,NA
"6500",62,42,"2","F","Single",424.5097932
"11370",69,51,"3","F","Married",294.6244362
"13363",16,0,"4","F","Married",193.096925
"2248",25,6,"1","F","Married",284.8746199
"NA.177",NA,NA,NA,NA,NA,NA
"11288",69,48,"3","F","Married",103.5107252
"11731",16,0,"3","F","Married",399.6369887
"10105",32,15,"3","M","Married",476.3075253
"6333",27,7,"2","F","Single",695.1590822
"12378",45,26,"3","F","Married",540.1990971
"1235",21,3,"1","F","Married",326.0461919
"6851",39,22,"2","M","Single",530.6876262
"11971",67,46,"3","M","Single",208.6007724
"NA.178",NA,NA,NA,NA,NA,NA
"5417",19,1,"2","M","Married",722.5777502
"7949",20,2,"3","M","Married",1163.722413
"NA.179",NA,NA,NA,NA,NA,NA
"15186",24,7,"4","M","Single",762.8124126
"NA.180",NA,NA,NA,NA,NA,NA
"NA.181",NA,NA,NA,NA,NA,NA
"NA.182",NA,NA,NA,NA,NA,NA
"8640",43,24,"3","M","Married",414.133462
"1562",64,47,"1","F","Married",104.2926078
"NA.183",NA,NA,NA,NA,NA,NA
"6236",53,35,"2","M","Married",357.1699618
"NA.184",NA,NA,NA,NA,NA,NA
"14822",61,44,"4","F","Married",114.302366
"8743",24,5,"3","M","Single",693.1694165
"2957",20,1,"2","M","Single",1270.186638
"2295",22,5,"1","F","Single",362.8274602
"1997",50,31,"1","F","Single",304.9612526
"NA.185",NA,NA,NA,NA,NA,NA
"3893",70,50,"2","M","Single",208.7989506
"14830",64,45,"4","M","Single",623.8263682
"2731",35,14,"2","F","Single",383.899652
"8623",23,4,"3","M","Single",695.4005572
"10204",16,0,"3","F","Married",222.3914688
"2727",56,38,"2","F","Married",333.8694586
"8021",25,7,"3","M","Single",981.1059191
"6969",20,3,"2","F","Married",289.2416865
"7422",68,50,"2","F","Single",377.0163973
"2234",23,6,"1","F","Single",700.8519395
"14277",61,44,"4","F","Single",376.5063767
"5086",27,10,"2","F","Married",553.5448463
"10859",68,50,"3","M","Married",442.0778924
"NA.186",NA,NA,NA,NA,NA,NA
"3082",59,42,"2","M","Married",197.9518324
"10595",38,17,"3","F","Single",388.8350024
"2423",43,25,"1","M","Single",575.6892982
"8482",39,20,"3","M","Married",554.14553
"NA.187",NA,NA,NA,NA,NA,NA
"2058",21,3,"1","M","Single",619.3364482
"NA.188",NA,NA,NA,NA,NA,NA
"NA.189",NA,NA,NA,NA,NA,NA
"2775",44,27,"2","M","Single",975.5526657
"6641",24,5,"2","M","Married",1164.988741
"NA.190",NA,NA,NA,NA,NA,NA
"NA.191",NA,NA,NA,NA,NA,NA
"9358",64,46,"3","M","Married",39.07322505
"NA.192",NA,NA,NA,NA,NA,NA
"2571",63,42,"2","F","Married",22.47577446
"14867",36,15,"4","M","Married",614.7065539
"678",51,34,"1","M","Married",417.171405
"10678",43,24,"3","F","Single",435.2699647
"NA.193",NA,NA,NA,NA,NA,NA
"8350",50,30,"3","M","Single",528.6100455
"1472",70,51,"1","F","Married",175.6159266
"9062",24,6,"3","M","Single",814.6169377
"NA.194",NA,NA,NA,NA,NA,NA
"4853",33,16,"2","F","Single",182.0703443
"2294",21,3,"1","F","Single",747.9948959
"14060",61,42,"4","M","Single",184.9221483
"12570",17,0,"3","F","Single",474.1642879
"4999",44,25,"2","M","Single",594.8041445
"NA.195",NA,NA,NA,NA,NA,NA
"NA.196",NA,NA,NA,NA,NA,NA
"11798",16,0,"3","F","Single",680.6098474
"117",17,0,"1","M","Single",1197.444316
"13501",46,27,"4","F","Single",276.9096614
"NA.197",NA,NA,NA,NA,NA,NA
"339",62,45,"1","F","Married",97.0052298
"NA.198",NA,NA,NA,NA,NA,NA
"NA.199",NA,NA,NA,NA,NA,NA
"9527",54,34,"3","F","Single",162.3829021
"NA.200",NA,NA,NA,NA,NA,NA
"14539",22,3,"4","F","Married",412.5535681
"12296",63,42,"3","M","Single",384.13711
"12035",69,52,"3","F","Married",187.4042145
"NA.201",NA,NA,NA,NA,NA,NA
"459",19,1,"1","M","Married",510.3590398
"NA.202",NA,NA,NA,NA,NA,NA
"5355",39,19,"2","M","Single",383.6642098
"260",46,27,"1","M","Married",355.735993
"4179",30,12,"2","M","Married",437.3786203
"8841",61,40,"3","F","Married",173.464338
"NA.203",NA,NA,NA,NA,NA,NA
"7752",67,47,"3","M","Married",306.8342585
"8253",46,29,"3","M","Married",407.2148587
"7031",18,0,"2","F","Single",763.8953612
"1620",68,49,"1","M","Single",292.3735058
"NA.204",NA,NA,NA,NA,NA,NA
"3942",22,3,"2","M","Married",370.2018107
"NA.205",NA,NA,NA,NA,NA,NA
"NA.206",NA,NA,NA,NA,NA,NA
"8372",51,33,"3","F","Single",437.0706614
"11973",48,30,"3","F","Married",354.4078726
"NA.207",NA,NA,NA,NA,NA,NA
"2964",46,25,"2","M","Married",427.1871568
"6019",57,36,"2","F","Single",188.9153008
"876",17,0,"1","M","Married",256.3104419
"4517",33,14,"2","M","Single",387.8970548
"6186",37,20,"2","M","Married",318.2712128
"14236",66,46,"4","M","Married",53.98897059
"12994",64,47,"4","F","Single",225.7661269
"NA.208",NA,NA,NA,NA,NA,NA
"5171",59,40,"2","M","Single",918.2602107
"14312",41,23,"4","M","Single",497.2546463
"NA.209",NA,NA,NA,NA,NA,NA
"1155",49,29,"1","F","Married",336.5527431
"1258",60,39,"1","M","Single",127.5767945
"6583",57,39,"2","M","Single",189.3379564
"508",66,47,"1","M","Single",229.6906948
"NA.210",NA,NA,NA,NA,NA,NA
"8352",19,2,"3","M","Married",542.1328336
"11465",16,0,"3","F","Married",189.5305195
"NA.211",NA,NA,NA,NA,NA,NA
"NA.212",NA,NA,NA,NA,NA,NA
"7199",49,29,"2","M","Single",605.113279
"NA.213",NA,NA,NA,NA,NA,NA
"417",35,16,"1","F","Single",401.6252338
"9908",55,35,"3","F","Married",318.9899857
"15284",52,31,"4","F","Single",666.0408773
"1396",65,47,"1","M","Single",236.2200847
"2579",66,46,"2","M","Single",40.97559422
"2658",38,19,"2","F","Married",124.6151363
"4468",25,7,"2","F","Single",857.9935307
"113",68,49,"1","F","Married",235.1357629
"14356",69,52,"4","F","Single",164.9225449
"2411",56,36,"1","F","Married",603.7338515
"11882",29,8,"3","F","Married",289.9355464
"9061",18,0,"3","F","Single",683.2486593
"469",17,0,"1","F","Single",673.3517116
"12077",25,6,"3","F","Married",428.5948527
"3506",53,33,"2","M","Single",1013.473644
"545",61,42,"1","F","Married",102.3352065
"8900",28,9,"3","F","Married",567.9869082
"NA.214",NA,NA,NA,NA,NA,NA
"9620",17,0,"3","F","Married",441.6426591
"9777",28,8,"3","F","Single",401.5186952
"NA.215",NA,NA,NA,NA,NA,NA
"NA.216",NA,NA,NA,NA,NA,NA
"NA.217",NA,NA,NA,NA,NA,NA
"9780",48,31,"3","F","Married",373.9080561
"10816",18,0,"3","M","Single",884.7424128
"8547",63,44,"3","M","Married",565.874036
"11199",60,39,"3","F","Married",77.93429821
"7461",49,28,"2","M","Married",343.4731297
"2429",62,42,"1","M","Single",51.49368116
"14280",70,50,"4","M","Single",409.4627203
"296",21,4,"1","M","Married",479.7951029
"NA.218",NA,NA,NA,NA,NA,NA
"NA.219",NA,NA,NA,NA,NA,NA
"14096",63,44,"4","F","Married",189.0105214
"14535",35,14,"4","F","Married",181.6477538
"2217",49,31,"1","F","Married",292.3818226
"NA.220",NA,NA,NA,NA,NA,NA
"NA.221",NA,NA,NA,NA,NA,NA
"13476",27,6,"4","M","Married",328.956993
"9625",50,30,"3","M","Married",353.0451445
"NA.222",NA,NA,NA,NA,NA,NA
"NA.223",NA,NA,NA,NA,NA,NA
"10141",30,10,"3","M","Single",180.1317101
"1286",44,27,"1","F","Single",426.0637585
"12590",62,45,"3","M","Married",284.8127977
"11497",67,46,"3","F","Single",198.965951
"6856",46,28,"2","F","Married",221.3601744
"5219",32,12,"2","F","Married",306.6404225
"10624",27,10,"3","F","Married",367.6932365
"NA.224",NA,NA,NA,NA,NA,NA
"8081",20,1,"3","M","Single",861.000057
"3366",55,36,"2","F","Married",350.9456921
"3944",31,11,"2","M","Married",605.1251804
"NA.225",NA,NA,NA,NA,NA,NA
"6703",24,6,"2","F","Married",329.7783553
"10193",61,42,"3","M","Single",43.74710322
"3242",44,24,"2","M","Married",360.3239825
"9342",70,49,"3","M","Married",248.283635
"12178",23,5,"3","M","Single",551.8394674
"NA.226",NA,NA,NA,NA,NA,NA
"NA.227",NA,NA,NA,NA,NA,NA
"2095",23,6,"1","F","Married",279.7679188
"7767",17,0,"3","M","Single",857.9576175
"8234",41,22,"3","M","Married",388.1827446
"4472",17,0,"2","M","Married",477.0562697
"478",46,27,"1","F","Married",283.6638328
"1601",70,49,"1","M","Single",295.5723484
"9064",49,28,"3","M","Married",447.0101645
"NA.228",NA,NA,NA,NA,NA,NA
"NA.229",NA,NA,NA,NA,NA,NA
"14983",17,0,"4","M","Single",815.5316177
"233",47,28,"1","M","Married",561.796776
"2256",22,5,"1","M","Married",733.2995135
"14552",59,38,"4","F","Single",192.4641554
"NA.230",NA,NA,NA,NA,NA,NA
"6773",23,6,"2","F","Single",356.4963621
"9655",62,43,"3","F","Single",165.6664059
"NA.231",NA,NA,NA,NA,NA,NA
"NA.232",NA,NA,NA,NA,NA,NA
"14376",38,21,"4","F","Married",564.4140951
"487",24,7,"1","M","Single",648.4970615
"NA.233",NA,NA,NA,NA,NA,NA
"6553",19,1,"2","F","Single",423.6379873
"13785",58,37,"4","F","Single",874.0454331
"NA.234",NA,NA,NA,NA,NA,NA
"NA.235",NA,NA,NA,NA,NA,NA
"14327",40,23,"4","M","Married",619.8452402
"9130",48,28,"3","M","Single",461.818948
"NA.236",NA,NA,NA,NA,NA,NA
"396",24,5,"1","M","Married",451.8458055
"NA.237",NA,NA,NA,NA,NA,NA
"13564",53,35,"4","M","Married",281.9285033
"4941",22,3,"2","F","Single",410.1476426
"1278",30,9,"1","F","Single",396.4566513
"NA.238",NA,NA,NA,NA,NA,NA
"425",56,35,"1","F","Single",286.5238132
"NA.239",NA,NA,NA,NA,NA,NA
"10471",24,6,"3","F","Single",398.3466837
"6835",60,40,"2","F","Married",142.7739137
"11747",38,21,"3","F","Single",341.1446327
"NA.240",NA,NA,NA,NA,NA,NA
"NA.241",NA,NA,NA,NA,NA,NA
"11891",19,1,"3","F","Married",96.32654401
"12318",39,18,"3","F","Married",401.3410448
"5334",63,45,"2","M","Married",696.6123044
"14324",39,22,"4","M","Single",420.8534944
"NA.242",NA,NA,NA,NA,NA,NA
"6447",44,27,"2","F","Married",339.6077025
"10029",62,45,"3","M","Married",65.53624329
"3361",32,14,"2","F","Married",572.0640955
"NA.243",NA,NA,NA,NA,NA,NA
"8053",63,42,"3","M","Married",241.7116028
"NA.244",NA,NA,NA,NA,NA,NA
"5833",17,0,"2","F","Single",1319.454126
"NA.245",NA,NA,NA,NA,NA,NA
"5840",50,31,"2","M","Single",460.0990221
"NA.246",NA,NA,NA,NA,NA,NA
"4537",17,0,"2","F","Married",455.3669137
"14449",28,11,"4","F","Married",434.7078232
"11155",64,45,"3","M","Married",238.9792737
"6724",22,5,"2","M","Single",296.909497
"307",52,32,"1","M","Married",208.3574065
"8492",65,45,"3","M","Single",483.5479476
"6943",21,4,"2","F","Married",197.2533859
"10490",58,37,"3","F","Single",532.1056554
"1046",41,23,"1","F","Single",137.5378909
"4166",25,6,"2","F","Married",362.4831808
"11813",36,15,"3","M","Single",653.2984319
"2606",40,19,"2","M","Married",566.1969736
"8892",67,50,"3","F","Married",203.6277956
"11057",68,49,"3","F","Single",142.4226098
"13772",51,31,"4","M","Single",432.6065462
"NA.247",NA,NA,NA,NA,NA,NA
"13010",48,30,"4","F","Single",387.2872741
"NA.248",NA,NA,NA,NA,NA,NA
"9006",17,0,"3","M","Single",1350.971873
"3034",67,47,"2","F","Single",249.5596089
"6794",68,48,"2","M","Single",247.28952
"8248",37,18,"3","F","Married",212.7409458
"8649",68,51,"3","F","Single",417.8022104
"NA.249",NA,NA,NA,NA,NA,NA
"NA.250",NA,NA,NA,NA,NA,NA
"NA.251",NA,NA,NA,NA,NA,NA
